{"CPU_Usage": {"mean": 35.55670739633318, "std": 14.522566557004474}, "Memory_Usage": {"mean": 73.5918486398168, "std": 15.544453628571697}, "Network_Traffic": {"mean": 993.0393274834305, "std": 754.9072465374107}, "Pod_Restarts": {"mean": 1.1330833333333334, "std": 1.3888509214254943}, "Response_Time": {"mean": 100.66915425395908, "std": 31.82927589967074}}